ticker,empresa,cnpj,codigo_cvm,setor,segmento
BRAV3,BRAVA ENERGIA S.A,12.091.809/0001-55,20788.0,"Petróleo, Gás e Biocombustíveis","Petróleo, Gás e Biocombustíveis"
QVQP3,524 PARTICIPACOES S.A.,01.851.771/0001-55,,Siderurgia,Siderurgia
AERI3,AERIS INDÚSTRIA E COMÉRCIO DE EQUIPAMENTOS DE GERAÇÃO DE ENERGIA S/A,12.528.708/0001-07,,"Petróleo, Gás e Biocombustíveis","Petróleo, Gás e Biocombustíveis"
AESB3,AES BRASIL ENERGIA S.A.,37.663.076/0001-07,37663.0,"Petróleo, Gás e Biocombustíveis","Petróleo, Gás e Biocombustíveis"
AESO3,AES BRASIL OPERAÇÕES S.A.,00.194.724/0001-13,194.0,Outros,Outros
AFLT3,AFLUENTE TRANSMISSÃO DE ENERGIA ELÉTRICA S/A,10.338.320/0001-00,10338.0,"Petróleo, Gás e Biocombustíveis","Petróleo, Gás e Biocombustíveis"
AGXY3,AGROGALAXY PARTICIPAÇÕES S.A.,21.240.146/0001-84,,Financeiro,Financeiro
RPAD3,ALFA HOLDINGS S.A,17.167.396/0001-69,,Outros,Outros
RPAD5,ALFA HOLDINGS S.A,17.167.396/0001-69,,Outros,Outros
RPAD6,ALFA HOLDINGS S.A,17.167.396/0001-69,,Outros,Outros
AALR3,ALLIANÇA SAÚDE E PARTICIPAÇÕES S.A.,42.771.949/0001-35,21881.0,Financeiro,Financeiro
ALSO3,ALIANSCE SONAE SHOPPING CENTERS S.A.,05.878.397/0001-32,5878.0,Outros,Outros
ALLD3,ALLIED TECNOLOGIA S.A.,20.247.322/0001-47,,Tecnologia,Tecnologia
ALOS3,ALLOS S.A,05.878.397/0001-32,5878.0,Outros,Outros
ALOS99,ALLOS S.A,05.878.397/0001-32,5878.0,Outros,Outros
ALPK3,ALLPARK EMPREENDIMENTOS PARTICIPAÇÕES SERVIÇOS S.A.,60.537.263/0001-66,60537.0,Financeiro,Financeiro
ALPK9,ALLPARK EMPREENDIMENTOS PARTICIPAÇÕES SERVIÇOS S.A.,60.537.263/0001-66,60537.0,Financeiro,Financeiro
ALPA3,ALPARGATAS S.A.,61.079.117/0001-05,61079.0,Outros,Outros
ALPA4,ALPARGATAS S.A.,61.079.117/0001-05,61079.0,Outros,Outros
APER3,ALPER CONSULTORIA E CORRETORA DE SEGUROS S.A.,11.721.921/0001-60,11721.0,Financeiro,Financeiro
AVLL3,ALPHAVILLE S.A.,16.811.931/0001-00,16811.0,Outros,Outros
AVLL11,ALPHAVILLE S.A.,16.811.931/0001-00,16811.0,Outros,Outros
ALUP3,ALUPAR INVESTIMENTO S/A,08.364.948/0001-38,8364.0,Financeiro,Financeiro
ALUP4,ALUPAR INVESTIMENTO S/A,08.364.948/0001-38,8364.0,Financeiro,Financeiro
ALUP11,ALUPAR INVESTIMENTO S/A,08.364.948/0001-38,8364.0,Financeiro,Financeiro
ABEV3,AMBEV S/A,07.526.557/0001-00,20100.0,Bebidas,Bebidas
AMBP3,AMBIPAR PARTICIPAÇÕES E EMPREENDIMENTOS S/A,12.648.266/0001-24,12648.0,Financeiro,Financeiro
AMER3,AMERICANAS S.A.,00.776.574/0001-56,1163.0,Outros,Outros
CBEE3,AMPLA ENERGIA E SERVICOS S.A.,33.050.071/0001-58,33050.0,"Petróleo, Gás e Biocombustíveis","Petróleo, Gás e Biocombustíveis"
ANIM3,ANIMA HOLDING S.A.,09.288.252/0001-32,22136.0,Outros,Outros
AZZA3,AZZAS 2154 S.A.,16.590.234/0001-76,22420.0,Outros,Outros
ARML3,"ARMAC LOCAÇÃO, SERVIÇOS E SERVIÇOS S.A.",00.242.184/0001-04,,Outros,Outros
ATMP3,ATMA PARTICIPAÇÕES S.A.,04.032.433/0001-80,,Financeiro,Financeiro
ATOM3,ATOM EMPREENDIMENTOS E PARTICIPAÇÕES S.A.,00.359.742/0001-08,359.0,Financeiro,Financeiro
AURA33,AURA MINERALS INC.,07.857.093/0001-14,,Mineração,Mineração
AURE3,AUREN ENERGIA S.A.,28.594.234/0001-23,22357.0,"Petróleo, Gás e Biocombustíveis","Petróleo, Gás e Biocombustíveis"
AZEV3,AZEVEDO E TRAVASSOS S.A.,61.351.532/0001-68,,Outros,Outros
AZEV4,AZEVEDO E TRAVASSOS S.A.,61.351.532/0001-68,,Outros,Outros
AZEV11,AZEVEDO E TRAVASSOS S.A.,61.351.532/0001-68,,Outros,Outros
AZEV12,AZEVEDO E TRAVASSOS S.A.,61.351.532/0001-68,,Outros,Outros
AZUL4,AZUL S.A.,09.305.994/0001-29,20800.0,Outros,Outros
BAHI3,BAHEMA EDUCAÇÃO S.A.,45.987.245/0001-92,45987.0,Educação,Educação
ABCB4,BANCO ABC BRASIL S.A.,28.195.667/0001-06,2.0,Financeiro,Financeiro
ABCB10,BANCO ABC BRASIL S.A.,28.195.667/0001-06,2.0,Financeiro,Financeiro
BRIV3,BANCO ALFA DE INVESTIMENTO S.A.,60.770.336/0001-65,,Financeiro,Financeiro
BRIV4,BANCO ALFA DE INVESTIMENTO S.A.,60.770.336/0001-65,,Financeiro,Financeiro
BMGB4,BANCO BMG S.A.,61.186.680/0001-74,61186.0,Financeiro,Financeiro
BBDC3,BANCO BRADESCO S.A.,60.746.948/0001-12,1023.0,Financeiro,Financeiro
BBDC4,BANCO BRADESCO S.A.,60.746.948/0001-12,1023.0,Financeiro,Financeiro
BPAC3,BANCO BTG PACTUAL S.A.,30.306.294/0001-45,18945.0,Financeiro,Financeiro
BPAC5,BANCO BTG PACTUAL S.A.,30.306.294/0001-45,18945.0,Financeiro,Financeiro
BPAC11,BANCO BTG PACTUAL S.A.,30.306.294/0001-45,18945.0,Financeiro,Financeiro
BAZA3,BANCO AMAZÔNIA S.A.,04.902.979/0001-44,,Financeiro,Financeiro
BSLI3,BANCO DE BRASILIA S.A.  BRB,00.000.208/0001-00,,Financeiro,Financeiro
BSLI4,BANCO DE BRASILIA S.A.  BRB,00.000.208/0001-00,,Financeiro,Financeiro
BBAS3,BANCO DO BRASIL S.A.,00.000.000/0001-91,1.0,Financeiro,Financeiro
BGIP3,BANCO DO ESTADO DE SERGIPE S.A.  BANESE,13.009.717/0001-46,,Financeiro,Financeiro
BGIP4,BANCO DO ESTADO DE SERGIPE S.A.  BANESE,13.009.717/0001-46,,Financeiro,Financeiro
BPAR3,BANCO ESTADO DO PARÁ S.A.  BANPARA,04.913.711/0001-08,,Financeiro,Financeiro
BRSR3,BANCO DO ESTADO DO RIO GRANDE DO SUL S.A.  BANRISUL,92.702.067/0001-96,,Financeiro,Financeiro
BRSR5,BANCO DO ESTADO DO RIO GRANDE DO SUL S.A.  BANRISUL,92.702.067/0001-96,,Financeiro,Financeiro
BRSR6,BANCO DO ESTADO DO RIO GRANDE DO SUL S.A.  BANRISUL,92.702.067/0001-96,,Financeiro,Financeiro
BNBR3,BANCO DO NORDESTE DO BRASIL S.A.,07.237.373/0001-20,,Financeiro,Financeiro
BMIN3,BANCO MERCANTIL DE INVESTIMENTOS S.A.,34.169.557/0001-72,,Financeiro,Financeiro
BMIN4,BANCO MERCANTIL DE INVESTIMENTOS S.A.,34.169.557/0001-72,,Financeiro,Financeiro
BMEB3,BANCO MERCANTIL DO BRASIL S.A.,17.184.037/0001-10,,Financeiro,Financeiro
BMEB4,BANCO MERCANTIL DO BRASIL S.A.,17.184.037/0001-10,,Financeiro,Financeiro
BPAN4,BANCO PAN,59.285.411/0001-13,59285.0,Financeiro,Financeiro
BPAN12,BANCO PAN,59.285.411/0001-13,59285.0,Financeiro,Financeiro
PINE3,BANCO PINE S.A.,62.144.175/0001-20,62144.0,Financeiro,Financeiro
PINE4,BANCO PINE S.A.,62.144.175/0001-20,62144.0,Financeiro,Financeiro
PINE11,BANCO PINE S.A.,62.144.175/0001-20,62144.0,Financeiro,Financeiro
SANB3,BANCO SANTANDER (BRASIL) S.A.,90.400.888/0001-42,1170.0,Financeiro,Financeiro
SANB4,BANCO SANTANDER (BRASIL) S.A.,90.400.888/0001-42,1170.0,Financeiro,Financeiro
SANB11,BANCO SANTANDER (BRASIL) S.A.,90.400.888/0001-42,1170.0,Financeiro,Financeiro
BEES3,BANESTES S.A.  BANCO ESTADUAL DO ESPÍRITO SANTO,28.127.603/0001-78,,Financeiro,Financeiro
BEES4,BANESTES S.A.  BANCO ESTADUAL DO ESPÍRITO SANTO,28.127.603/0001-78,,Financeiro,Financeiro
BDLL3,BARDELLA S.A. INDÚSTRIAS MECÂNICAS,60.851.615/0001-53,,Outros,Outros
BDLL4,BARDELLA S.A. INDÚSTRIAS MECÂNICAS,60.851.615/0001-53,,Outros,Outros
BALM3,BAUMER S.A.,61.374.161/0001-30,,Outros,Outros
BALM4,BAUMER S.A.,61.374.161/0001-30,,Outros,Outros
BBSE3,BB SEGURIDADE PARTICIPAÇÕES S.A.,17.344.597/0001-94,20257.0,Financeiro,Financeiro
BBML3,BBM LOGÍSTICA S.A.,01.107.327/0001-20,,Outros,Outros
BMOB3,BEMOBI MOBILE TECH S.A.,09.042.817/0001-05,,Outros,Outros
BETP3,BETAPART PARTICIPAÇÕES S.A.,02.762.124/0001-30,,Financeiro,Financeiro
BMKS3,BICICLETAS MONARK S.A.,56.992.423/0001-90,,Outros,Outros
BIOM3,BIOMM S.A.,04.752.991/0001-10,,Outros,Outros
BIOM11,BIOMM S.A.,04.752.991/0001-10,,Outros,Outros
BKBR3,BK BRASIL OPERAÇÕES E ASSESSORIA A RESTAURANTES SA,13.574.594/0001-96,13574.0,Outros,Outros
BLAU3,BLAU FARMACÊUTICA S.A.,58.430.828/0001-60,,Outros,Outros
SOJA3,BOA SAFRA SEMENTES S.A.,10.807.374/0001-77,,Outros,Outros
BOAS3,BOA VISTA SERVIÇOS S.A.,11.725.176/0001-27,11725.0,Outros,Outros
BOBR3,BOMBRIL S.A.,50.564.053/0001-03,,Outros,Outros
BOBR4,BOMBRIL S.A.,50.564.053/0001-03,,Outros,Outros
BRBI11,BR ADVISORY PARTNERS PARTICIPAÇÕES S.A.,10.739.356/0001-03,,Financeiro,Financeiro
BRPR3,BR PROPERTIES S.A.,06.977.751/0001-49,6977.0,Outros,Outros
BRAP3,BRADESPAR S.A.,03.847.461/0001-92,,Outros,Outros
BRAP4,BRADESPAR S.A.,03.847.461/0001-92,,Outros,Outros
BBRK3,BRASIL BROKERS PARTICIPAÇÕES S.A.,08.613.550/0001-98,,Financeiro,Financeiro
AGRO3,BRASILAGRO  COMPANHIA BRASILEIRA DE PROPRIEDADES AGRÍCOLAS,07.628.528/0001-59,,Outros,Outros
BRKM3,BRASKEM S.A.,42.150.391/0001-70,,Outros,Outros
BRKM5,BRASKEM S.A.,42.150.391/0001-70,,Outros,Outros
BRKM6,BRASKEM S.A.,42.150.391/0001-70,,Outros,Outros
BRIT3,BRISANET PARTICIPAÇÕES S.A.,19.796.586/0001-70,,Financeiro,Financeiro
BRQB3,BRQ SOLUÇÕES EM INFORMÁTICA S.A.,36.542.025/0001-64,,Outros,Outros
CABI3,CABINDA PARTICIPAÇÕES S.A.,04.030.182/0001-02,,Financeiro,Financeiro
CXSE3,CAIXA SEGURIDADE PARTICIPAÇÕES S.A.,22.543.331/0001-00,,Financeiro,Financeiro
CAMB3,CAMBUCI S.A.,61.088.894/0001-08,61088.0,Outros,Outros
CAML3,CAMIL ALIMENTOS S.A.,64.904.295/0001-03,,Alimentos,Alimentos
MOTV3,Motiva Infraestrutura de Mobilidade S.a.,02.846.056/0001-97,19720.0,Outros,Outros
CEAB3,C&A MODAS S.A.,45.242.914/0001-05,45242.0,Outros,Outros
MAPT3,CEMEPE INVESTIMENTOS S.A.,93.828.986/0001-73,,Financeiro,Financeiro
MAPT4,CEMEPE INVESTIMENTOS S.A.,93.828.986/0001-73,,Financeiro,Financeiro
AXIA3,CENTRAIS ELÉTRICAS BRASILEIRAS S.A.  ELETROBRAS ,00.001.180/0001-26,2437.0,Outros,Outros
AXIA5,CENTRAIS ELÉTRICAS BRASILEIRAS S.A.  ELETROBRAS ,00.001.180/0001-26,2437.0,Outros,Outros
AXIA6,CENTRAIS ELÉTRICAS BRASILEIRAS S.A.  ELETROBRAS ,00.001.180/0001-26,2437.0,Outros,Outros
CLSC3,CENTRAIS ELÉTRICAS DE SANTA CATARINA S.A.,83.878.892/0001-55,83878.0,Outros,Outros
CLSC4,CENTRAIS ELÉTRICAS DE SANTA CATARINA S.A.,83.878.892/0001-55,83878.0,Outros,Outros
CSNA3,CIA SIDERURGICA NACIONAL,33.042.730/0001-04,18597.0,Siderurgia,Siderurgia
FESA3,CIA FERRO LIGAS DA BAHIA  FERBASA,15.141.799/0001-03,,"Petróleo, Gás e Biocombustíveis","Petróleo, Gás e Biocombustíveis"
FESA4,CIA FERRO LIGAS DA BAHIA  FERBASA,15.141.799/0001-03,,"Petróleo, Gás e Biocombustíveis","Petróleo, Gás e Biocombustíveis"
CGAS3,CIA GÁS DE SÃO PAULO  COMGAS,61.856.571/0001-17,61856.0,"Petróleo, Gás e Biocombustíveis","Petróleo, Gás e Biocombustíveis"
CGAS5,CIA GÁS DE SÃO PAULO  COMGAS,61.856.571/0001-17,61856.0,"Petróleo, Gás e Biocombustíveis","Petróleo, Gás e Biocombustíveis"
HBTS3,CIA HABITASUL DE PARTICIPAÇÕES,87.762.563/0001-03,,Financeiro,Financeiro
HBTS5,CIA HABITASUL DE PARTICIPAÇÕES,87.762.563/0001-03,,Financeiro,Financeiro
HBTS6,CIA HABITASUL DE PARTICIPAÇÕES,87.762.563/0001-03,,Financeiro,Financeiro
CATA3,CIA INDUSTRIAL CATAGUASES,19.526.748/0001-50,,Bens Industriais,Bens Industriais
CATA4,CIA INDUSTRIAL CATAGUASES,19.526.748/0001-50,,Bens Industriais,Bens Industriais
MSPA3,CIA MELHORAMENTOS DE SÃO PAULO,60.730.348/0001-66,,Outros,Outros
MSPA4,CIA MELHORAMENTOS DE SÃO PAULO,60.730.348/0001-66,,Outros,Outros
CTNM3,CIA TECIDOS NORTE DE MINAS  COTEMINAS,22.677.520/0001-76,,Outros,Outros
CTNM4,CIA TECIDOS NORTE DE MINAS  COTEMINAS,22.677.520/0001-76,,Outros,Outros
CTSA3,CIA TECIDOS SANTANENSE,21.255.567/0001-89,,Outros,Outros
CTSA4,CIA TECIDOS SANTANENSE,21.255.567/0001-89,,Outros,Outros
CMSA3,CIMS S.A.,00.272.185/0001-93,,Outros,Outros
CMSA4,CIMS S.A.,00.272.185/0001-93,,Outros,Outros
CLSA3,CLEAR SALE S.A.,03.802.115/0001-98,3802.0,Outros,Outros
VVEO3,CM HOSPITALAR S.A.,12.420.164/0001-57,,Saúde,Saúde
COGN3,COGNA EDUCAÇÃO S.A.,02.800.026/0001-40,20320.0,Educação,Educação
COMR3,COMERC PARTICIPAÇÕES S.A.,25.369.840/0001-57,,Financeiro,Financeiro
CBAV3,COMPANHIA BRASILEIRA DE ALUMÍNIO,61.409.892-0001-73,,Outros,Outros
PCAR3,COMPANHIA BRASILEIRA DE DISTRIBUIÇÃO,47.508.411/0001-56,1805.0,Varejo,Varejo
CEEB3,COMPANHIA DE ELETRICIDADE EST. DA BAHIA  COELBA,15.139.629/0001-94,15139.0,Utilidade Pública,Utilidade Pública
CEEB5,COMPANHIA DE ELETRICIDADE EST. DA BAHIA  COELBA,15.139.629/0001-94,15139.0,Utilidade Pública,Utilidade Pública
CEEB36,COMPANHIA DE ELETRICIDADE EST. DA BAHIA  COELBA,15.139.629/0001-94,15139.0,Utilidade Pública,Utilidade Pública
CASN3,COMPANHIA CATARINENSE DE ÁGUAS E SANEAMENTO  CASAN,82.508.433/0001-17,82508.0,Utilidade Pública,Utilidade Pública
CASN4,COMPANHIA CATARINENSE DE ÁGUAS E SANEAMENTO  CASAN,82.508.433/0001-17,82508.0,Utilidade Pública,Utilidade Pública
GPAR3,COMPANHIA CELG DE PARTICIPAÇÕES  CELGPAR,08.560.444/0001-93,8560.0,Financeiro,Financeiro
SBSP3,COMPANHIA DE SANEAMENTO BÁSICO DO ESTADO DE SÃO PAULO  SABESP,43.776.517/0001-80,4863.0,Utilidade Pública,Utilidade Pública
CSMG3,COMPANHIA DE SANEAMENTO DE MINAS GERAIS  COPASA MG ,17.281.106/0001-03,17281.0,Utilidade Pública,Utilidade Pública
SAPR3,COMPANHIA DE SANEAMENTO DO PARANÁ  SANEPAR,76.484.013/0001-45,76484.0,Utilidade Pública,Utilidade Pública
SAPR4,COMPANHIA DE SANEAMENTO DO PARANÁ  SANEPAR,76.484.013/0001-45,76484.0,Utilidade Pública,Utilidade Pública
SAPR11,COMPANHIA DE SANEAMENTO DO PARANÁ  SANEPAR,76.484.013/0001-45,76484.0,Utilidade Pública,Utilidade Pública
CEGR3,COMPANHIA DISTRIBUIDORA DE GÁS DO RIO DE JANEIRO  CEG,33.938.119/0001-69,33938.0,Varejo,Varejo
CEBR3,COMPANHIA ENERGÉTICA DE BRASÍLIA,00.070.698/0001-11,70.0,Outros,Outros
CEBR5,COMPANHIA ENERGÉTICA DE BRASÍLIA,00.070.698/0001-11,70.0,Outros,Outros
CEBR6,COMPANHIA ENERGÉTICA DE BRASÍLIA,00.070.698/0001-11,70.0,Outros,Outros
CMIG3,COMPANHIA ENERGÉTICA DE MINAS GERAIS  CEMIG,17.155.730/0001-64,1035.0,Outros,Outros
CMIG4,COMPANHIA ENERGÉTICA DE MINAS GERAIS  CEMIG,17.155.730/0001-64,1035.0,Outros,Outros
CESP3,COMPANHIA ENERGÉTICA DE SÃO PAULO  CESP,60.933.603/0001-78,60933.0,Outros,Outros
CESP5,COMPANHIA ENERGÉTICA DE SÃO PAULO  CESP,60.933.603/0001-78,60933.0,Outros,Outros
CESP6,COMPANHIA ENERGÉTICA DE SÃO PAULO  CESP,60.933.603/0001-78,60933.0,Outros,Outros
COCE3,COMPANHIA ENERGÉTICA DO CEARÁ  COELCE,07.047.251/0001-70,7047.0,Outros,Outros
COCE5,COMPANHIA ENERGÉTICA DO CEARÁ  COELCE,07.047.251/0001-70,7047.0,Outros,Outros
COCE6,COMPANHIA ENERGÉTICA DO CEARÁ  COELCE,07.047.251/0001-70,7047.0,Outros,Outros
CSRN3,COMPANHIA ENERGÉTICA DO RIO GRANDE DO NORTE  COSERN,08.324.196/0001-81,8324.0,Outros,Outros
CSRN5,COMPANHIA ENERGÉTICA DO RIO GRANDE DO NORTE  COSERN,08.324.196/0001-81,8324.0,Outros,Outros
CSRN6,COMPANHIA ENERGÉTICA DO RIO GRANDE DO NORTE  COSERN,08.324.196/0001-81,8324.0,Outros,Outros
CEED3,COMPANHIA ESTADUAL DE DISTRIBUIIÇÃO DE ENERGIA ELÉTRICA  CEEE-D,08.467.115/0001-00,8467.0,"Petróleo, Gás e Biocombustíveis","Petróleo, Gás e Biocombustíveis"
CEED4,COMPANHIA ESTADUAL DE DISTRIBUIIÇÃO DE ENERGIA ELÉTRICA  CEEE-D,08.467.115/0001-00,8467.0,"Petróleo, Gás e Biocombustíveis","Petróleo, Gás e Biocombustíveis"
EEEL3,COMPANHIA ESTADUAL DE TRANSMISSÃO DE ENERGIA ELÉTRICA  CEEE-T,92.715.812/0001-31,92715.0,"Petróleo, Gás e Biocombustíveis","Petróleo, Gás e Biocombustíveis"
EEEL4,COMPANHIA ESTADUAL DE TRANSMISSÃO DE ENERGIA ELÉTRICA  CEEE-T,92.715.812/0001-31,92715.0,"Petróleo, Gás e Biocombustíveis","Petróleo, Gás e Biocombustíveis"
CEDO3,COMPANHIA FIAÇÃO TECIDOS CEDRO CACHOEIRA,17.245.234/0001-00,,Outros,Outros
CEDO4,COMPANHIA FIAÇÃO TECIDOS CEDRO CACHOEIRA,17.245.234/0001-00,,Outros,Outros
LCAM3,COMPANHIA LOCAÇÃO DAS AMÉRICAS,10.215.988/0001-60,,Outros,Outros
CPLE3,COMPANHIA PARAENSE DE ENERGIA  COPEL,76.483.817/0001-20,1121.0,"Petróleo, Gás e Biocombustíveis","Petróleo, Gás e Biocombustíveis"
CPLE5,COMPANHIA PARAENSE DE ENERGIA  COPEL,76.483.817/0001-20,1121.0,"Petróleo, Gás e Biocombustíveis","Petróleo, Gás e Biocombustíveis"
CPLE6,COMPANHIA PARAENSE DE ENERGIA  COPEL,76.483.817/0001-20,1121.0,"Petróleo, Gás e Biocombustíveis","Petróleo, Gás e Biocombustíveis"
ISAE3,ISA ENERGIA BRASIL S.A,02.998.611/0001-04,2998.0,"Petróleo, Gás e Biocombustíveis","Petróleo, Gás e Biocombustíveis"
ISAE4,ISA ENERGIA BRASIL S.A,02.998.611/0001-04,2998.0,"Petróleo, Gás e Biocombustíveis","Petróleo, Gás e Biocombustíveis"
PASS3,COMPASS GÁS E ENERGIA S.A.,21.389.501/0001-81,21389.0,"Petróleo, Gás e Biocombustíveis","Petróleo, Gás e Biocombustíveis"
PASS5,COMPASS GÁS E ENERGIA S.A.,21.389.501/0001-81,21389.0,"Petróleo, Gás e Biocombustíveis","Petróleo, Gás e Biocombustíveis"
PASS6,COMPASS GÁS E ENERGIA S.A.,21.389.501/0001-81,21389.0,"Petróleo, Gás e Biocombustíveis","Petróleo, Gás e Biocombustíveis"
CRTE3,CONCESSIONÁRIA RIO-TERESÓPOLIS S.A.,00.938.574/0001-05,,Outros,Outros
CRTE5,CONCESSIONÁRIA RIO-TERESÓPOLIS S.A.,00.938.574/0001-05,,Outros,Outros
ODER3,CONSERVAS ODERICH S.A.,97.191.902/0001-94,,Outros,Outros
ODER4,CONSERVAS ODERICH S.A.,97.191.902/0001-94,,Outros,Outros
BRGE3,CONSÓRCIO ALFA DE ADMINISTRAÇÃO S.A.,17.193.806/0001-46,,Outros,Outros
BRGE5,CONSÓRCIO ALFA DE ADMINISTRAÇÃO S.A.,17.193.806/0001-46,,Outros,Outros
BRGE6,CONSÓRCIO ALFA DE ADMINISTRAÇÃO S.A.,17.193.806/0001-46,,Outros,Outros
BRGE7,CONSÓRCIO ALFA DE ADMINISTRAÇÃO S.A.,17.193.806/0001-46,,Outros,Outros
BRGE8,CONSÓRCIO ALFA DE ADMINISTRAÇÃO S.A.,17.193.806/0001-46,,Outros,Outros
BRGE11,CONSÓRCIO ALFA DE ADMINISTRAÇÃO S.A.,17.193.806/0001-46,,Outros,Outros
BRGE12,CONSÓRCIO ALFA DE ADMINISTRAÇÃO S.A.,17.193.806/0001-46,,Outros,Outros
CALI3,CONSTRUTORA ADOLPHO LINDENBERG S.A.,61.022.042/0001-18,61022.0,Construção Civil,Construção Civil
CALI11,CONSTRUTORA ADOLPHO LINDENBERG S.A.,61.022.042/0001-18,61022.0,Construção Civil,Construção Civil
TEND3,CONSTRUTORA TENDA S.A.,71.476.527/0001-35,71476.0,Construção Civil,Construção Civil
CSAN3,COSAN S.A.,50.746.577/0001-15,22713.0,Outros,Outros
CPFE3,CPFL ENERGIA S.A.,02.429.144/0001-93,2429.0,"Petróleo, Gás e Biocombustíveis","Petróleo, Gás e Biocombustíveis"
MERC3,CREDITAQUI FINANCEIRA S.A.  CRÉDITO FINANCIAMENTO,33.040.601/0001-87,,Financeiro,Financeiro
MERC4,CREDITAQUI FINANCEIRA S.A.  CRÉDITO FINANCIAMENTO,33.040.601/0001-87,,Financeiro,Financeiro
CSED3,CRUZEIRO DO SUL EDUCACIONAL S.A.,62.984.091/0001-02,62984.0,Educação,Educação
CMIN3,CSN MINERAÇÃO S.A.,08.902.291/0001-15,,Mineração,Mineração
CARD3,CSU CARDSYSTEM S.A.,01.896.779/0001-38,1896.0,Outros,Outros
CTCA3,CTC  CENTRO DE TECNOLOGIA CANAVIEIRA S.A.,06.981.381/0001-13,,Tecnologia,Tecnologia
CURY3,CURY CONSTRUTORA E INCORPORADORA S.A.,08.797.760/0001-83,8797.0,Construção Civil,Construção Civil
CVCB3,CVC BRASIL OPERADORA E AGÊNCIA DE VIAGENS S.A.,10.760.260/0001-19,10760.0,Outros,Outros
LLBI3,CVLB BRASIL S.A.,16.233.389/0001-55,,Outros,Outros
CYRE3,CYRELA BRAZIL REALTY S.A. EMPREENDIMENTOS E PARTICIPAÇÕES,73.178.600/0001-18,14109.0,Financeiro,Financeiro
DMVF3,D1000 VAREJO FARMA PARTICIPAÇÕES S.A.,12.108.897/0001-50,12108.0,Financeiro,Financeiro
DESK3,DESKTOP  SIGMANET COMUNICAÇÃO MULTIMÍDIA S.A.,08.170.849/0001-15,8170.0,Telecomunicações,Telecomunicações
DXCO3,DEXCO S.A.,97.837.181/0001-47,97837.0,Outros,Outros
DEXP3,DEXXOS PARTICIPAÇÕES S.A.,02.193.750/0001-52,,Financeiro,Financeiro
DEXP4,DEXXOS PARTICIPAÇÕES S.A.,02.193.750/0001-52,,Financeiro,Financeiro
DASA3,DIAGNÓSTICOS DA AMÉRICA S.A.,61.486.650/0001-83,61486.0,Outros,Outros
PNVL3,DIMED S.A. DISTRIBUIDORA DE MEDICAMENTOS,92.665.611/0001-77,92665.0,Varejo,Varejo
DIRR3,DIRECIONAL ENGENHARIA S.A.,16.614.075/0001-00,16614.0,Construção Civil,Construção Civil
DMFN3,"DM FINANCEIRA S.A.  CRÉDITO, FINANCINANCIAMENTO E INVESTIMENTO",91.669.747/0001-92,,Financeiro,Financeiro
DOHL3,DOHLER S.A.,84.683.408/0001-03,,Outros,Outros
DOHL4,DOHLER S.A.,84.683.408/0001-03,,Outros,Outros
DOTZ3,DOTZ S.A.,18.174.270/0001-84,18174.0,Outros,Outros
DTCY3,DTCOM  DIRECT TO COMPANY S.A,03.303.999/0001-36,,Outros,Outros
DTCY4,DTCOM  DIRECT TO COMPANY S.A,03.303.999/0001-36,,Outros,Outros
ECOR3,ECORODOVIAS INFRAESTRUTURA E LOGÍSTICA S.A.,04.149.454/0001-80,19577.0,Outros,Outros
EALT3,ELECTRO ACO ALTONA S.A.,82.643.537/0001-34,,Siderurgia,Siderurgia
EALT4,ELECTRO ACO ALTONA S.A.,82.643.537/0001-34,,Siderurgia,Siderurgia
EKTR3,ELEKTRO REDES S.A.,02.328.280/0001-97,2328.0,Outros,Outros
EKTR4,ELEKTRO REDES S.A.,02.328.280/0001-97,2328.0,Outros,Outros
LIPR3,ELETROBRÁS PARTICIPAÇÕES S.A.  ELETROPAR,01.104.937/0001-70,1104.0,Financeiro,Financeiro
ELMD3,ELETROMIDIA S.A.,09.347.516/0001-81,,Outros,Outros
EPAR3,EMBPAR PARTICIPACOES S.A.,42.331.462/0001-31,,Siderurgia,Siderurgia
EMBJ3,EMBRAER S.A.,07.689.002/0001-89,4715.0,Bens Industriais,Bens Industriais
PGMN3,EMPREENDIMENTOS PAGUE MENOS S.A.,06.626.253/0001-51,6626.0,Construção Civil,Construção Civil
EMAE3,EMPRESA METROPOLITANA DE ÁGUAS E ENERGIA S.A.  EMAE,02.302.101/0001-42,,"Petróleo, Gás e Biocombustíveis","Petróleo, Gás e Biocombustíveis"
EMAE4,EMPRESA METROPOLITANA DE ÁGUAS E ENERGIA S.A.  EMAE,02.302.101/0001-42,,"Petróleo, Gás e Biocombustíveis","Petróleo, Gás e Biocombustíveis"
ENAT3,ENAUTA PARTICIPAÇÕES S.A.,11.669.021/0001-10,,Financeiro,Financeiro
ENMT3,ENERGISA MATO GROSSO  DISTRIBUIDORA DE ENERGIA S/A,03.467.321/0001-99,3467.0,"Petróleo, Gás e Biocombustíveis","Petróleo, Gás e Biocombustíveis"
ENMT4,ENERGISA MATO GROSSO  DISTRIBUIDORA DE ENERGIA S/A,03.467.321/0001-99,3467.0,"Petróleo, Gás e Biocombustíveis","Petróleo, Gás e Biocombustíveis"
ENGI3,ENERGISA S.A.,00.864.214/0001-06,2437.0,Outros,Outros
ENGI4,ENERGISA S.A.,00.864.214/0001-06,2437.0,Outros,Outros
ENGI11,ENERGISA S.A.,00.864.214/0001-06,2437.0,Outros,Outros
ENEV3,ENEVA S.A.,04.423.567/0001-21,4423.0,Outros,Outros
EGIE3,ENGIE BRASIL ENERGIA S.A.,02.474.103/0001-19,2437.0,"Petróleo, Gás e Biocombustíveis","Petróleo, Gás e Biocombustíveis"
ENJU3,ENJOEI S.A.,16.922.038/0001-51,,Outros,Outros
EQTL3,EQUATORIAL ENERGIA S.A.,03.220.438/0001-73,20540.0,"Petróleo, Gás e Biocombustíveis","Petróleo, Gás e Biocombustíveis"
EQPA3,EQUATORIAL PARÁ DISTRIBUIDORA DE ENERGIA S.A.,04.895.728/0001-80,4895.0,"Petróleo, Gás e Biocombustíveis","Petróleo, Gás e Biocombustíveis"
EQPA5,EQUATORIAL PARÁ DISTRIBUIDORA DE ENERGIA S.A.,04.895.728/0001-80,4895.0,"Petróleo, Gás e Biocombustíveis","Petróleo, Gás e Biocombustíveis"
EQPA6,EQUATORIAL PARÁ DISTRIBUIDORA DE ENERGIA S.A.,04.895.728/0001-80,4895.0,"Petróleo, Gás e Biocombustíveis","Petróleo, Gás e Biocombustíveis"
EQPA7,EQUATORIAL PARÁ DISTRIBUIDORA DE ENERGIA S.A.,04.895.728/0001-80,4895.0,"Petróleo, Gás e Biocombustíveis","Petróleo, Gás e Biocombustíveis"
ETER3,ETERNIT S.A.,61.092.037/0001-81,,Outros,Outros
EUCA3,EUCATEX S.A. INDÚSTRIA E COMÉRCIO,56.643.018/0001-66,,Outros,Outros
EUCA4,EUCATEX S.A. INDÚSTRIA E COMÉRCIO,56.643.018/0001-66,,Outros,Outros
EVEN3,EVEN CONSTRUTORA E INCORPORADORA S.A.,43.470.988/0001-65,43470.0,Construção Civil,Construção Civil
BAUH3,EXCELSIOR ALIMENTOS S.A.,95.426.862/0001-97,,Alimentos,Alimentos
BAUH4,EXCELSIOR ALIMENTOS S.A.,95.426.862/0001-97,,Alimentos,Alimentos
EZTC3,EZ TEC EMPREENDIMENTOS E PARTICIPAÇÕES S.A.,08.312.229/0001-73,19348.0,Financeiro,Financeiro
VSPT3,FERROVIA CENTRO-ATLÂNTICA S.A.,00.924.429/0001-75,,Outros,Outros
VSPT4,FERROVIA CENTRO-ATLÂNTICA S.A.,00.924.429/0001-75,,Outros,Outros
FHER3,FERTILIZANTES HERINGER S.A.,22.266.175/0001-88,,Outros,Outros
FIEI3,FICA EMPREENDIMENTOS IMOBILIÁRIOS S.A,07.820.907/0001-46,7820.0,Construção Civil,Construção Civil
CRIV3,FINANCEIRA ALFA S.A.- CRED FINANC E INVS,17.167.412/0001-13,,Financeiro,Financeiro
CRIV4,FINANCEIRA ALFA S.A.- CRED FINANC E INVS,17.167.412/0001-13,,Financeiro,Financeiro
FLRY3,FLEURY S.A.,60.840.055/0001-31,19615.0,Saúde,Saúde
POWE3,FOCUS ENERGIA HOLDING PARTICIPAÇÕES S.A.,26.735.020/0001-02,26735.0,"Petróleo, Gás e Biocombustíveis","Petróleo, Gás e Biocombustíveis"
FRAS3,FRAS-LE S.A.,88.610.126/0001-29,88610.0,Outros,Outros
GFSA3,GAFISA S.A.,01.545.826/0001-07,1545.0,Outros,Outros
OPGM3,GAMA PARTICIPAÇÕES S.A.,02.796.775/0001-40,,Financeiro,Financeiro
GSHP3,GENERAL SHOPPING E OUTLETS DO BRASIL S.A.,08.764.621/0001-53,8764.0,Outros,Outros
GGBR3,GERDAU S.A.,33.611.500/0001-19,5363.0,Siderurgia,Siderurgia
GGBR4,GERDAU S.A.,33.611.500/0001-19,5363.0,Siderurgia,Siderurgia
NINJ3,GETNINJAS S.A.,14.127.813/0001-51,14127.0,Outros,Outros
GGPS3,GPS PARTICIPAÇÕES E EMPREENDIMENTOS S.A.,09.229.201/0001-30,9229.0,Financeiro,Financeiro
EGGY3,GRANJA FARIA S.A.,81.616.807/0001-55,,Outros,Outros
CGRA3,GRAZZIOTIN S.A.,92.012.467/0001-70,,Outros,Outros
CGRA4,GRAZZIOTIN S.A.,92.012.467/0001-70,,Outros,Outros
GRND3,GRENDENE S.A.,89.850.341/0001-60,89850.0,Outros,Outros
BHIA3,GRUPO CASAS BAHIA S.A.,33.041.260/0652-90,33041.0,Outros,Outros
SOMA3,GRUPO DE MODA SOMA S.A.,10.285.590/0001-08,21903.0,Outros,Outros
GMAT3,GRUPO MATEUS S.A.,24.990.777/0001-09,24990.0,Outros,Outros
SBFG3,GRUPO SBF SA,13.217.485/0001-11,13217.0,Outros,Outros
GUAR3,GUARARAPES CONFECÇÕES S.A.,08.402.943/0001-52,19658.0,Outros,Outros
HAGA3,HAGA S.A. INDÚSTRIA E COMERCIO,30.540.991/0001-66,,Varejo,Varejo
HAGA4,HAGA S.A. INDÚSTRIA E COMERCIO,30.540.991/0001-66,,Varejo,Varejo
HAPV3,HAPVIDA PARTICIPAÇÕES E INVESTIMENTOS SA,05.197.443/0001-38,22659.0,Financeiro,Financeiro
HBRE3,HBR REALTY EMPREENDIMENTOS IMOBILIÁRIOS S/A,14.785.152/0001-51,14785.0,Construção Civil,Construção Civil
HBOR3,HELBOR EMPREENDIMENTOS S.A.,49.263.189/0001-02,49263.0,Construção Civil,Construção Civil
HETA3,HERCULES S.A. FÁBRICA DE TALHERES,92.749.225/0001-63,,Outros,Outros
HETA4,HERCULES S.A. FÁBRICA DE TALHERES,92.749.225/0001-63,,Outros,Outros
HBSA3,HIDROVIAS DO BRASIL S.A.,12.648.327/0001-53,12648.0,Outros,Outros
HMOB3,HMOBI PARTICIPAÇÕES S.A.,40.159.947/0001-64,,Financeiro,Financeiro
MATD3,HOSPITAL MATER DEI S/A,16.676.520/0001-59,16676.0,Saúde,Saúde
HOOT3,HOTEIS OTHON S.A.,33.200.049/0001-47,,Outros,Outros
HOOT4,HOTEIS OTHON S.A.,33.200.049/0001-47,,Outros,Outros
GRAO3,HUMBERG AGRIBRASIL COM. E EXPORT. DE GRÃOS S.A.,18.483.666/0001-03,,Outros,Outros
HYPE3,HYPERA S.A.,02.932.074/0001-91,2932.0,Outros,Outros
IGSN3,IGUA SANEAMENTO S.A.,08.159.965/0001-33,8159.0,Utilidade Pública,Utilidade Pública
IGTI3,IGUATEMI S.A.,60.543.816/0001-93,60543.0,Outros,Outros
IGTI4,IGUATEMI S.A.,60.543.816/0001-93,60543.0,Outros,Outros
IGTI11,IGUATEMI S.A.,60.543.816/0001-93,60543.0,Outros,Outros
INNC3,INC EMPREENDIMENTOS IMOBILIÁRIOS S.A.,09.611.768/0001-76,9611.0,Construção Civil,Construção Civil
ROMI3,INDÚSTRIAS ROMI S.A.,56.720.428/0001-63,56720.0,Outros,Outros
INEP3,INEPAR S.A. INDÚSTRIA E CONSTRUÇÕES,76.627.504/0001-06,,Construção Civil,Construção Civil
INEP4,INEPAR S.A. INDÚSTRIA E CONSTRUÇÕES,76.627.504/0001-06,,Construção Civil,Construção Civil
IFCM3,INFRACOMMERCE CXAAS S.A.,38.546.921/0001-36,38546.0,Siderurgia,Siderurgia
INTB3,INTELBRAS S.A. INDÚSTRIA DE TELECOMUNICAÇÕES ELETRÔNICA BRASILEIRA,82.901.000/0001-27,82901.0,Telecomunicações,Telecomunicações
MEAL3,INTERNATIONAL MEAL COMPANY ALIMENTAÇÃO S.A.,17.314.329/0001-20,17314.0,Alimentos,Alimentos
FIGE3,INVESTIMENTOS BEMGE S.A.,01.548.981/0001-79,,Financeiro,Financeiro
FIGE4,INVESTIMENTOS BEMGE S.A.,01.548.981/0001-79,,Financeiro,Financeiro
MYPK3,IOCHPE MAXION S.A.,61.156.113/0001-75,61156.0,Outros,Outros
RANI3,IRANI PAPEL E EMBALAGEM S.A.,92.791.243/0001-03,92791.0,Papel e Celulose,Papel e Celulose
IRBR3,IRB  BRASIL RESSEGUROS S.A.,33.376.989/0001-91,,Financeiro,Financeiro
ITUB3,ITAÚ UNIBANCO HOLDING S.A.,60.872.504/0001-23,17663.0,Financeiro,Financeiro
ITUB4,ITAÚ UNIBANCO HOLDING S.A.,60.872.504/0001-23,17663.0,Financeiro,Financeiro
ITSA3,ITAUSA S.A.,61.532.644/0001-15,394.0,Outros,Outros
ITSA4,ITAUSA S.A.,61.532.644/0001-15,394.0,Outros,Outros
JALL3,JALLES MACHADO S.A.,02.635.522/0001-95,,Outros,Outros
JHSF3,JHSF PARTICIPAÇÕES S.A.,08.294.224/0001-65,8294.0,Financeiro,Financeiro
JFEN3,JOÃO FORTES ENGENHARIA S.A.,33.035.536/0001-00,,Construção Civil,Construção Civil
JOPA3,JOSAPAR  JOAQUIM OLIVEIRA S.A.  PARTICIP,87.456.562/0001-22,,Financeiro,Financeiro
JOPA4,JOSAPAR  JOAQUIM OLIVEIRA S.A.  PARTICIP,87.456.562/0001-22,,Financeiro,Financeiro
JSLG3,JSL S.A.,52.548.435/0001-79,52548.0,Outros,Outros
KLAS3,KALLAS INCORPORAÇÕES E CONSTRUÇÕES S.A.,09.146.451/0001-06,,Construção Civil,Construção Civil
CTKA3,KARSTEN S.A.,82.640.558/0001-04,,Outros,Outros
CTKA4,KARSTEN S.A.,82.640.558/0001-04,,Outros,Outros
KEPL3,KEPLER WEBER S.A.,91.983.056/0001-69,91983.0,Outros,Outros
KLBN3,KLABIN S.A.,89.637.490/0001-45,19682.0,Papel e Celulose,Papel e Celulose
KLBN4,KLABIN S.A.,89.637.490/0001-45,19682.0,Papel e Celulose,Papel e Celulose
KLBN11,KLABIN S.A.,89.637.490/0001-45,19682.0,Papel e Celulose,Papel e Celulose
KRSA3,KORA SAÚDE PARTICIPAÇÕES S.A.,13.270.520/0001-66,13270.0,Financeiro,Financeiro
LAVV3,LAVVI EMPREENDIMENTOS IMOBILIÁRIOS S.A.,26.462.693/0001-28,26462.0,Construção Civil,Construção Civil
LMED3,LIFEMED INDUSTRIAL EQUIP. DE ART. MÉD. HOSP. S.A.,02.357.251/0001-53,,Bens Industriais,Bens Industriais
LIGT3,LIGHT S.A.,03.378.521/0001-75,,Outros,Outros
LVTC3,LIVETECH DA BAHIA INDÚSTRIA E COMÉRCIO S/A,05.917.486/0001-40,,Outros,Outros
RENT3,LOCALIZA RENT A CAR S.A.,16.670.085/0001-55,14109.0,Outros,Outros
LWSA3,LOCAWEB SERVIÇOS DE INTERNET S.A.,02.351.877/0001-52,2351.0,Tecnologia,Tecnologia
LOGG3,LOG COMMERCIAL PROPERTIES,09.041.168/0001-10,9041.0,Outros,Outros
LOGN3,LOG-IN LOGÍSTICA INTERMODAL S.A.,42.278.291/0001-24,42278.0,Outros,Outros
AMER3,LOJAS AMERICANAS S.A.,33.014.556/0001-96,33014.0,Varejo,Varejo
LJQQ3,LOJAS QUERO-QUERO S.A.,96.418.264/0218-02,96418.0,Varejo,Varejo
LREN3,LOJAS RENNER S.A.,92.754.738/0001-62,11312.0,Varejo,Varejo
LPSB3,LPS BRASIL  CONSULTORIA DE IMÓVEIS S.A.,08.078.847/0001-09,,Outros,Outros
LUPA3,LUPATECH S.A.,89.463.822/0001-12,,Outros,Outros
MDIA3,M. DIAS BRANCO S.A. INDÚSTRIA E COMÉRCIO DE ALIMENTOS,07.206.816/0001-15,7206.0,Alimentos,Alimentos
MSRO3,MAESTRO LOCADORA DE VEÍCULOS S.A.,08.795.211/0001-70,8795.0,Outros,Outros
MGLU3,MAGAZINE LUIZA S.A.,47.960.950/0001-21,14605.0,Varejo,Varejo
LEVE3,MAHLE-METAL LEVE S.A.,60.476.884/0001-87,,Outros,Outros
MGEL3,MANGELS INDUSTRIAL S.A.,61.065.298/0001-02,,Bens Industriais,Bens Industriais
MGEL4,MANGELS INDUSTRIAL S.A.,61.065.298/0001-02,,Bens Industriais,Bens Industriais
ESTR3,MANUFATURA DE BRINQUEDOS ESTRELA S.A.,61.082.004/0001-50,,Outros,Outros
ESTR4,MANUFATURA DE BRINQUEDOS ESTRELA S.A.,61.082.004/0001-50,,Outros,Outros
POMO3,MARCOPOLO S.A.,88.611.835/0001-29,,Outros,Outros
POMO4,MARCOPOLO S.A.,88.611.835/0001-29,,Outros,Outros
MBRF3,MARFRIG GLOBAL FOODS S.A.,03.853.896/0001-40,18600.0,Alimentos,Alimentos
AMAR3,MARISA LOJAS S.A.,61.189.288/0001-89,8869.0,Varejo,Varejo
CASH3,MÉLIUZ S.A.,14.110.585/0001-07,14110.0,Outros,Outros
MELK3,MELNICK DESENVOLVIMENTO IMOBILIÁRIO S.A.,12.181.987/0001-77,12181.0,Construção Civil,Construção Civil
FRIO3,METALFRIO SOLUTIONS S.A.,04.821.041/0001-08,,Outros,Outros
GOAU3,METALÚRGICA GERDAU S.A.,92.690.783/0001-09,5282.0,Siderurgia,Siderurgia
GOAU4,METALÚRGICA GERDAU S.A.,92.690.783/0001-09,5282.0,Siderurgia,Siderurgia
RSUL3,METALÚRGICA RIOSULENSE S.A.,85.778.074/0001-06,,Outros,Outros
RSUL4,METALÚRGICA RIOSULENSE S.A.,85.778.074/0001-06,,Outros,Outros
MTSA3,METISA METALURGICA TIMBOENSE S.A.,86.375.425/0001-09,,Siderurgia,Siderurgia
MTSA4,METISA METALURGICA TIMBOENSE S.A.,86.375.425/0001-09,,Siderurgia,Siderurgia
MILS3,MILLS ESTRUTURAS E SERVIÇOS DE ENGENHARIA S.A.,27.093.558/0001-15,,Construção Civil,Construção Civil
MMAQ3,MINASMAQUINAS S.A.,17.161.241/0001-15,,Outros,Outros
MMAQ4,MINASMAQUINAS S.A.,17.161.241/0001-15,,Outros,Outros
BEEF3,MINERVA S.A.,67.620.377/0001-14,67620.0,Mineração,Mineração
MNPR3,MINUPAR PARTICIPACOES S.A.,90.076.886/0001-40,,Siderurgia,Siderurgia
MTRE3,MITRE REALTY EMPREENDIMENTOS E PARTICIPAÇÕES S.A.,07.882.930/0001-65,7882.0,Financeiro,Financeiro
MBLY3,MOBLY S.A.,31.553.627/0001-01,31553.0,Outros,Outros
MOAR3,MONTEIRO ARANHA S.A.,33.102.476/0001-92,,Outros,Outros
MOSI3,MOSAICO TECNOLOGIA AO CONSUMIDOR S.A.,09.083.175/0001-84,,Tecnologia,Tecnologia
MDNE3,MOURA DUBEUX ENGENHARIA S/A,12.049.631/0001-84,12049.0,Construção Civil,Construção Civil
MOVI3,MOVIDA PARTICIPAÇÕES S.A.,21.314.559/0001-66,19569.0,Financeiro,Financeiro
ESPA3,MPM CORPÓREOS S.A.,26.659.061/0001-59,,Outros,Outros
MRVE3,MRV ENGENHARIA E PARTICIPAÇÕES S.A.,08.343.492/0001-20,18473.0,Financeiro,Financeiro
MLAS3,MULTILASER INDUSTRIAL S.A.,59.717.553/0001-02,,Bens Industriais,Bens Industriais
MULT3,MULTIPLAN  EMPREENDIMENTOS IMOBILIÁRIOS S.A.,07.816.890/0001-53,7816.0,Construção Civil,Construção Civil
MNDL3,MUNDIAL S.A.  PRODUTOS DE CONSUMO,88.610.191/0001-54,,Outros,Outros
NTCO3,NATURA & CO HOLDING S.A.,32.785.497/0001-97,,Outros,Outros
NEOE3,NEOENERGIA S.A.,01.083.200/0001-18,1083.0,"Petróleo, Gás e Biocombustíveis","Petróleo, Gás e Biocombustíveis"
NGRD3,NEOGRID PATICIPAÇÕES S.A.,10.139.870/0001-08,10139.0,Outros,Outros
NEXP3,NEXPE PARTICIPAÇÕES S.A,08.613.550/0001-98,,Financeiro,Financeiro
NORD3,NORDON INDÚSTRIAS METALÚRGICAS S.A.,60.884.319/0001-59,,Outros,Outros
NRTQ3,NORTEC QUÍMICA S.A.,29.950.060/0001-57,,Outros,Outros
GNDI3,NOTRE DAME INTERMÉDICA PARTICIPAÇÕES S.A.,19.853.511/0001-84,20729.0,Financeiro,Financeiro
NUTR3,NUTRIPLANT INDÚSTRIA E COMÉRCIO S.A.,51.128.999/0001-90,,Outros,Outros
OPCT3,OCEANPACT SERVIÇOS MARÍTIMOS S.A.,09.114.805/0001-30,9114.0,Telecomunicações,Telecomunicações
ODPV3,ODONTOPREV S.A.,58.119.199/0001-51,58119.0,Outros,Outros
OIBR3,OI S.A.,76.535.764/0001-43,,Outros,Outros
OIBR4,OI S.A.,76.535.764/0001-43,,Outros,Outros
OMGE3,OMEGA GERAÇÃO S.A.,09.149.503/0001-06,9149.0,Outros,Outros
ONCO3,ONCOCLÍNICAS DO BRASIL SERVIÇOS MÉDICOS S.A.,12.104.241/0004-02,12104.0,Outros,Outros
ORVR3,ORIZON VALORIZAÇÃO DE RESÍDUOS S.A.,11.421.994/0001-36,11421.0,Outros,Outros
OSXB3,OSX BRASIL S.A.,09.112.685/0001-32,,Outros,Outros
OFSA3,OURO FINO SAÚDE ANIMAL PARTICIPAÇÕES S.A.,20.258.278/0001-70,,Financeiro,Financeiro
PDTC3,PADTEC HOLDING S.A.,02.365.069/0001-44,2365.0,Outros,Outros
PATI3,PANATLANTICA S.A.,92.693.019/0001-89,,Outros,Outros
PATI4,PANATLANTICA S.A.,92.693.019/0001-89,,Outros,Outros
PMAM3,PARANAPANEMA S.A.,60.398.369/0004-79,,Outros,Outros
PTBL3,PBG S/A  PORTOBELLO,83.475.913/0001-91,,Outros,Outros
PTNT3,PETTENATI S.A. INDÚSTRIA TÊXTIL,88.613.658/0001-10,,Outros,Outros
PTNT4,PETTENATI S.A. INDÚSTRIA TÊXTIL,88.613.658/0001-10,,Outros,Outros
PETR3,PETRÓLEO BRASILEIRO S.A. PETROBRAS,33.000.167/0001-01,9512.0,"Petróleo, Gás e Biocombustíveis","Petróleo, Gás e Biocombustíveis"
PETR4,PETRÓLEO BRASILEIRO S.A. PETROBRAS,33.000.167/0001-01,9512.0,"Petróleo, Gás e Biocombustíveis","Petróleo, Gás e Biocombustíveis"
PDGR3,PDG REALTY S.A. EMPREENDIMENTOS E PARTICIPAÇÕES,02.950.811/0001-89,2950.0,Financeiro,Financeiro
PETZ3,PET CENTER COMÉRCIO E PARTICIPAÇÕES S.A.,18.328.118/0001-09,18328.0,Financeiro,Financeiro
RECV3,PETRORECÔNCAVO S.A.,03.342.704/0001-30,20516.0,"Petróleo, Gás e Biocombustíveis","Petróleo, Gás e Biocombustíveis"
PLPL3,PLANO E PLANO DESENVOLVIMENTO IMOBILIÁRIO S.A.,24.230.275/0001-80,24230.0,Construção Civil,Construção Civil
PLAS3,PLASCAR PARTICIPAÇÕES INDUSTRIAIS S.A.,51.928.174/0001-50,,Financeiro,Financeiro
PPAR3,POLPAR S.A.,59.789.545/0001-71,,Outros,Outros
FRTA3,POMIFRUTAS S/A,86.550.951/0001-50,86550.0,Outros,Outros
PSSA3,PORTO SEGURO S.A.,02.149.205/0001-69,,Financeiro,Financeiro
PSVM11,PORTO SUDESTE V.M. S.A.,18.494.485/0001-82,,Outros,Outros
POSI3,POSITIVO TECNOLOGIA S.A.,81.243.735/0001-48,81243.0,Tecnologia,Tecnologia
PTCA3,PRATICA PRODUTOS S.A.,08.574.411/0001-00,,Outros,Outros
PRNR3,PRINER SERVIÇOS INDUSTRIAIS S.A.,18.593.815/0001-97,,Bens Industriais,Bens Industriais
PRIO3,PRIO S.A.  PETRORIO,10.629.105/0001-68,22187.0,"Petróleo, Gás e Biocombustíveis","Petróleo, Gás e Biocombustíveis"
PFRM3,PROFARMA DISTRIBUIDORA DE PRODUTOS FARMACÊUTICOS S.A.,45.453.214/0001-51,45453.0,Varejo,Varejo
QUAL3,QUALICORP CONSULTORIA E CORRETORA DE SEGUROS S.A.,11.992.680/0001-93,11992.0,Financeiro,Financeiro
QUSW3,QUALITY SOFTWARE S.A.,35.791.391/0001-94,35791.0,Tecnologia,Tecnologia
RADL3,RAIA DROGASIL S.A.,61.585.865/0001-51,61585.0,"Petróleo, Gás e Biocombustíveis","Petróleo, Gás e Biocombustíveis"
RAIZ4,RAIZEN S.A.,33.453.598/0001-23,22322.0,Outros,Outros
RAPT3,RANDON S.A. IMPLEMENTOS E PARTICIPAÇÕES,89.086.144/0001-16,,Financeiro,Financeiro
RAPT4,RANDON S.A. IMPLEMENTOS E PARTICIPAÇÕES,89.086.144/0001-16,,Financeiro,Financeiro
RCSL3,RECRUSUL S.A.,91.333.666/0001-17,,Outros,Outros
RCSL4,RECRUSUL S.A.,91.333.666/0001-17,,Outros,Outros
RDOR3,REDE DOR SÃO LUIZ S.A.,06.047.087/0001-39,92.0,Outros,Outros
REDE3,REDE ENERGIA PARTICIPAÇÕES S.A.,61.584.140/0001-49,61584.0,"Petróleo, Gás e Biocombustíveis","Petróleo, Gás e Biocombustíveis"
RPMG3,REFINARIA DE PETRÓLEOS MANGUINHOS S.A.,33.412.081/0001-96,20516.0,Outros,Outros
RNEW3,RENOVA ENERGIA S.A.,08.534.605/0001-74,8534.0,"Petróleo, Gás e Biocombustíveis","Petróleo, Gás e Biocombustíveis"
RNEW4,RENOVA ENERGIA S.A.,08.534.605/0001-74,8534.0,"Petróleo, Gás e Biocombustíveis","Petróleo, Gás e Biocombustíveis"
RNEW11,RENOVA ENERGIA S.A.,08.534.605/0001-74,8534.0,"Petróleo, Gás e Biocombustíveis","Petróleo, Gás e Biocombustíveis"
LLIS3,RESTOQUE COMÉRCIO E CONFECÇÕES DE ROUPAS S.A.,49.669.856/0001-43,,Outros,Outros
GEPA3,RIO PARANAPANEMA ENERGIA S.A.,02.998.301/0001-81,2998.0,"Petróleo, Gás e Biocombustíveis","Petróleo, Gás e Biocombustíveis"
GEPA4,RIO PARANAPANEMA ENERGIA S.A.,02.998.301/0001-81,2998.0,"Petróleo, Gás e Biocombustíveis","Petróleo, Gás e Biocombustíveis"
RDNI3,RNI NEGÓCIOS IMOBILIÁRIOS S.A.,67.010.660/0001-24,,Construção Civil,Construção Civil
RBNS11,RODOBENS S.A,59.981.829/0001-65,,Outros,Outros
RSID3,ROSSI RESIDENCIAL S.A.,61.065.751/0001-80,61065.0,Outros,Outros
RAIL3,RUMO S.A.,02.387.241/0001-60,2429.0,Outros,Outros
SAEN3,SAFIRA HOLDING S.A.,13.522.948/0001-59,,Outros,Outros
SNSY3,SANSUY S.A. INDÚSTRIA DE PLÁSTICOS,14.807.945/0001-24,,Outros,Outros
SNSY5,SANSUY S.A. INDÚSTRIA DE PLÁSTICOS,14.807.945/0001-24,,Outros,Outros
SNSY6,SANSUY S.A. INDÚSTRIA DE PLÁSTICOS,14.807.945/0001-24,,Outros,Outros
STBP3,SANTOS BRASIL PARTICIPAÇÕES S.A.,02.762.121/0001-04,2762.0,Financeiro,Financeiro
SCAR3,SÃO CARLOS EMPREENDIMENTOS E PARTICIPAÇÕES S.A.,29.780.061/0001-09,29780.0,Financeiro,Financeiro
SMTO3,SÃO MARTINHO S.A.,51.466.860/0001-56,20362.0,Outros,Outros
ASAI3,SENDAS DISTRIBUIDORA S.A.,06.057.223/0001-71,24066.0,Varejo,Varejo
SEQL3,SEQUOIA LOGÍSTICA E TRANSPORTES S.A.,01.599.101/0001-93,1599.0,Outros,Outros
SEER3,SER EDUCACIONAL S.A.,04.986.320/0001-13,22225.0,Educação,Educação
SRNA3,SERENA ENERGIA S.A.,42.500.384/0001-51,42500.0,"Petróleo, Gás e Biocombustíveis","Petróleo, Gás e Biocombustíveis"
SHUL3,SCHULZ S.A.,84.693.183/0001-68,,Outros,Outros
SHUL4,SCHULZ S.A.,84.693.183/0001-68,,Outros,Outros
APTI3,SIDERÚRGICA J. L. ALIPERTI S.A.,61.156.931/0001-78,,Siderurgia,Siderurgia
APTI4,SIDERÚRGICA J. L. ALIPERTI S.A.,61.156.931/0001-78,,Siderurgia,Siderurgia
SIMH3,SIMPAR S.A.,07.415.333/0001-20,7415.0,Outros,Outros
SQIA3,SINQIA S.A.,04.065.791/0001-99,4065.0,Outros,Outros
SLCE3,SLC AGRÍCOLA S.A.,89.096.457/0001-55,,Outros,Outros
SMFT3,SMARTFIT ESCOLA DE GINÁSTICA E DANÇA S.A.,07.594.978/0001-79,7594.0,Outros,Outros
SOND3,SONDOTÉCNICA ENGENHARIA SOLOS S.A.,33.386.210/0001-19,,Construção Civil,Construção Civil
SOND5,SONDOTÉCNICA ENGENHARIA SOLOS S.A.,33.386.210/0001-19,,Construção Civil,Construção Civil
SOND6,SONDOTÉCNICA ENGENHARIA SOLOS S.A.,33.386.210/0001-19,,Construção Civil,Construção Civil
SGPS3,SPRINGS GLOBAL PARTICIPAÇÕES S.A.,07.718.269/0001-57,,Financeiro,Financeiro
OPSE3,SUDESTE S.A.,02.062.747/0001-08,,Outros,Outros
OPTS3,SUL 116 PARTICIPAÇÕES S.A.,01.957.772/0001-89,,Financeiro,Financeiro
NEMO3,SUZANO HOLDING S.A.,60.651.809/0001-05,4693.0,Papel e Celulose,Papel e Celulose
NEMO5,SUZANO HOLDING S.A.,60.651.809/0001-05,4693.0,Papel e Celulose,Papel e Celulose
NEMO6,SUZANO HOLDING S.A.,60.651.809/0001-05,4693.0,Papel e Celulose,Papel e Celulose
SUZB3,SUZANO S.A.,16.404.287/0001-55,4693.0,Papel e Celulose,Papel e Celulose
SYNE3,SYN PROP E TECH S.A.,08.801.621/0001-86,,Outros,Outros
SHOW3,T4F ENTRETENIMENTO S.A.  TIME FOR FUN,02.860.694/0001-62,2860.0,Telecomunicações,Telecomunicações
TASA3,TAURUS ARMAS S.A.,92.781.335/0001-02,,Outros,Outros
TASA4,TAURUS ARMAS S.A.,92.781.335/0001-02,,Outros,Outros
TRAD3,TC TRADERS CLUB S.A.,26.345.998/0001-50,,Outros,Outros
TECN3,TECHNOS S.A.,09.295.063/0001-97,,Outros,Outros
TCSA3,TECNISA S.A.,08.065.557/0001-12,8065.0,Outros,Outros
TGMA3,TEGMA GESTÃO LOGÍSTICA S.A.,02.351.144/0001-18,,Outros,Outros
TEGA3,TEGRA INCORPORADORA S.A.,30.213.493/0001-09,30213.0,Construção Civil,Construção Civil
TEKA3,TEKA  TECELAGEM KUEHNRICH S.A.,82.636.986/0001-55,,Outros,Outros
TEKA4,TEKA  TECELAGEM KUEHNRICH S.A.,82.636.986/0001-55,,Outros,Outros
TKNO3,TEKNO S.A.  INDÚSTRIA E COMÉRCIO,33.467.572/0001-34,,Outros,Outros
TKNO4,TEKNO S.A.  INDÚSTRIA E COMÉRCIO,33.467.572/0001-34,,Outros,Outros
TELB3,TELEC BRASILEIRAS S.A.  TELEBRAS,00.336.701/0001-04,336.0,Outros,Outros
TELB4,TELEC BRASILEIRAS S.A.  TELEBRAS,00.336.701/0001-04,336.0,Outros,Outros
VIVT3,TELEFÔNICA BRASIL S.A,02.558.157/0001-62,2558.0,Outros,Outros
MNZC3,TERMINAL GARAGEM MENEZES CORTES S.A.,02.664.042/0001-52,,Outros,Outros
LAND3,TERRA SANTA PROPRIEDADES AGRÍCOLAS S.A.,40.337.136/0001-06,,Outros,Outros
TXRX3,TÊXTIL RENAUXVIEW S.A.,82.982.075/0001-80,,Outros,Outros
TXRX4,TÊXTIL RENAUXVIEW S.A.,82.982.075/0001-80,,Outros,Outros
TIMS3,TIM S.A.,02.421.421/0001-11,2421.0,Telecomunicações,Telecomunicações
TOTS3,TOTVS S.A.,53.113.791/0001-22,53113.0,Tecnologia,Tecnologia
TPIS3,TPI  TRIUNFO PARTICIPAÇÕES E INVESTIMENTOS S.A.,03.014.553/0001-91,,Financeiro,Financeiro
TFCO4,TRACK & FIELDS CO S.A.,59.418.806/0001-47,,Outros,Outros
TAEE3,TRANSMISSORA ALIANÇA DE ENERGIA ELÉTRICA S.A  TAESA,07.859.971/0001-30,7859.0,"Petróleo, Gás e Biocombustíveis","Petróleo, Gás e Biocombustíveis"
TAEE4,TRANSMISSORA ALIANÇA DE ENERGIA ELÉTRICA S.A  TAESA,07.859.971/0001-30,7859.0,"Petróleo, Gás e Biocombustíveis","Petróleo, Gás e Biocombustíveis"
TAEE11,TRANSMISSORA ALIANÇA DE ENERGIA ELÉTRICA S.A  TAESA,07.859.971/0001-30,7859.0,"Petróleo, Gás e Biocombustíveis","Petróleo, Gás e Biocombustíveis"
TTEN3,TRÊS TENTOS AGROINDUSTRIAL S/A,94.813.102/0001-70,,Bens Industriais,Bens Industriais
LUXM3,TREVISA INVESTIMENTOS S.A.,92.660.570/0001-26,,Financeiro,Financeiro
LUXM4,TREVISA INVESTIMENTOS S.A.,92.660.570/0001-26,,Financeiro,Financeiro
TRIS3,TRISUL S.A.,08.811.643/0001-27,8811.0,Outros,Outros
CRPG3,TRONOX PIGMENTOS DO BRASIL S.A.,15.115.504/0001-24,,Outros,Outros
CRPG5,TRONOX PIGMENTOS DO BRASIL S.A.,15.115.504/0001-24,,Outros,Outros
CRPG6,TRONOX PIGMENTOS DO BRASIL S.A.,15.115.504/0001-24,,Outros,Outros
TUPY3,TUPY S.A.,84.683.374/0001-49,84683.0,Outros,Outros
UGPA3,ULTRAPAR PARTICIPAÇÕES S.A.,33.256.439/0001-39,521.0,Financeiro,Financeiro
UCAS3,UNICASA INDÚSTRIA DE MÓVEIS S.A.,90.441.460/0001-48,,Outros,Outros
FIQE3,UNIFIQUE TELECOMUNICAÇÕES S.A.,02.255.187/0001-08,,Telecomunicações,Telecomunicações
UNIP3,UNIPAR CARBOCLORO S.A.,33.958.695/0001-78,,Outros,Outros
UNIP5,UNIPAR CARBOCLORO S.A.,33.958.695/0001-78,,Outros,Outros
UNIP6,UNIPAR CARBOCLORO S.A.,33.958.695/0001-78,,Outros,Outros
UPKP3,UPTICK PARTICIPAÇÕES S.A.,02.162.616/0001-94,,Financeiro,Financeiro
USIM3,USINAS SID DE MINAS GERAIS S.A.  USIMINAS ,60.894.730/0001-05,7898.0,Siderurgia,Siderurgia
USIM5,USINAS SID DE MINAS GERAIS S.A.  USIMINAS ,60.894.730/0001-05,7898.0,Siderurgia,Siderurgia
USIM6,USINAS SID DE MINAS GERAIS S.A.  USIMINAS ,60.894.730/0001-05,7898.0,Siderurgia,Siderurgia
VALE3,VALE S.A.,33.592.510/0001-54,4170.0,Mineração,Mineração
VLID3,VALID SOLUÇÕES S.A.,33.113.309/0001-47,33113.0,Outros,Outros
VAMO3,"VAMOS LOCAÇÃO DE CAMINHÕES, MÁQUINAS E EQUIPAMENTOS S.A.",23.373.000/0001-32,22705.0,Bens Industriais,Bens Industriais
VSTE3,VESTE S.A. ESTILO,49.669.856/0001-43,,Outros,Outros
VIIA3,VIA S.A.,33.041.260/0652-90,33041.0,Outros,Outros
VBBR3,VIBRA ENERGIA S.A.,34.274.233/0001-02,,"Petróleo, Gás e Biocombustíveis","Petróleo, Gás e Biocombustíveis"
VITT3,VITTIA FERTILIZANTES BIOLÓGICOS S.A.,45.365.558/0001-09,,Outros,Outros
VIVA3,VIVARA PARTICIPAÇÕES S.A.,33.839.910/0001-11,,Financeiro,Financeiro
VIVR3,VIVER INCORPORADORA E CONSTRUTORA S.A.,67.571.414/0001-41,,Construção Civil,Construção Civil
VULC3,VULCABRAS S.A.,50.926.955/0001-42,50926.0,Outros,Outros
WEGE3,WEG S.A.,84.429.695/0001-11,5410.0,Bens Industriais,Bens Industriais
WEST3,WESTWING COMÉRCIO VAREJISTA S.A.,14.776.142/0001-50,14776.0,Outros,Outros
MWET3,WETZEL S.A.,84.683.671/0001-94,,Outros,Outros
MWET4,WETZEL S.A.,84.683.671/0001-94,,Outros,Outros
WHRL3,WHIRLPOOL S.A.,59.105.999/0001-86,,Outros,Outros
WHRL4,WHIRLPOOL S.A.,59.105.999/0001-86,,Outros,Outros
PORT3,WILSON SONS HOLDINGS BRASIL S.A.,33.130.691/0001-05,33130.0,Outros,Outros
WIZC3,WIZ CO PARTICIPAÇÕES E CORRETAGEM DE SEGUROS S.A.,42.278.473/0001-03,42278.0,Financeiro,Financeiro
WLMM3,WLM PART. E COMÉRCIO DE MÁQUINAS E VEÍCULOS S.A.,33.228.024/0001-51,33228.0,Outros,Outros
WLMM4,WLM PART. E COMÉRCIO DE MÁQUINAS E VEÍCULOS S.A.,33.228.024/0001-51,33228.0,Outros,Outros
YBRA3,YBYRÁ CAPITAL S.A.,02.217.319/0001-07,2217.0,Outros,Outros
YBRA4,YBYRÁ CAPITAL S.A.,02.217.319/0001-07,2217.0,Outros,Outros
YDUQ3,YDUQS PARTICIPAÇÕES S.A.,08.807.432/0001-10,20664.0,Financeiro,Financeiro
ZAMP3,ZAMP S.A.,13.574.594/0001-96,13574.0,Outros,Outros
